id,content,platform,theme,author,timestamp,language,likes,shares,comments,views,sentiment_score,url
"reddit_finance_60","economy market volatility: how I'm adjusting my investment strategy.","Reddit","Economy","crypto_investor_4899","2025-07-07 01:09:09","lat",3136,67,84,36943,-0.154,"https://reddit.com/r/investing/comments/9533657815"
"bbc_rss_2","Feed News: crypto cryptocurrency developments. Regulatory updates and market analysis.","RSS","Economy","MarketWatch","2025-08-05 23:20:07","en",982,57,137,32319,0.063,"https://feeds.reuters.com/feed/2"
"bbc_rss_25","Feed News: finance cryptocurrency developments. Regulatory updates and market analysis.","RSS","Economy","Yahoo Finance","2025-08-05 17:33:07","en",42,48,25,2227,0.383,"https://feeds.bloomberg.com/feed/25"
"bbc_rss_36","RSS Update: crypto market developments and analysis. Latest news and expert commentary on sector trends.","RSS","Economy","Bloomberg","2025-08-06 02:25:07","en",36,23,30,4994,0.622,"https://feeds.cnbc.com/feed/36"
"bbc_rss_42","RSS Update: economy market developments and analysis. Latest news and expert commentary on sector trends.","RSS","Economy","Bloomberg","2025-08-05 23:55:07","en",369,56,14,7378,-0.027,"https://feeds.bloomberg.com/feed/42"
"bbc_rss_38","Feed News: economy cryptocurrency developments. Regulatory updates and market analysis.","RSS","Economy","Bloomberg","2025-08-06 06:46:07","en",32,30,6,617,-0.060,"https://feeds.bloomberg.com/feed/38"
"bbc_rss_20","RSS Update: economy market developments and analysis. Latest news and expert commentary on sector trends.","RSS","Economy","Yahoo Finance","2025-07-02 09:25:07","en",132,17,4,2627,-0.073,"https://feeds.reuters.com/feed/20"
"reddit_finance_87","Can someone explain the recent economy movements? Looking for technical analysis.","Reddit","Technology","market_trader_1493","2025-08-03 22:18:09","en",3291,142,175,132146,0.698,"https://reddit.com/r/stocks/comments/5682269517"
"reddit_finance_112","Can someone explain the recent economy movements? Looking for technical analysis.","Reddit","Technology","wise_investor_9431","2025-08-02 08:25:09","en",2671,148,429,82077,0.455,"https://reddit.com/r/finance/comments/9303348369"
"reddit_finance_43","Can someone explain the recent economy movements? Looking for technical analysis.","Reddit","Technology","market_analyst_1988","2025-08-03 11:29:09","en",679,178,687,30433,0.762,"https://reddit.com/r/wallstreetbets/comments/3838581260"
"reddit_finance_55","economy fundamentals check: is this a good entry point or wait for pullback?","Reddit","Technology","trading_enthusiast_2258","2025-08-01 10:22:09","en",337,119,237,71188,0.465,"https://reddit.com/r/investing/comments/9108697686"
"reddit_finance_78","economy fundamentals check: is this a good entry point or wait for pullback?","Reddit","Technology","smart_investor_5792","2025-08-01 06:35:09","en",1808,142,412,27303,0.718,"https://reddit.com/r/cryptocurrency/comments/9616369052"
"twitter_finance_6","Jobs report: 207K new jobs, unemployment at 4.6%. energy sector leading job growth. #trading #economy #stocks #fintech","Twitter","Economy","investor_guru_464","2025-07-06 14:31:04","en",384,447,123,19638,0.681,"https://twitter.com/user_941177495/status/4322664547805805076"
"twitter_finance_68","economy acquires economy for $economyB. Strategic move into economy market. Competition heating up! #economy #markets #wallstreet #fintech","Twitter","Economy","investor_pro_713","2025-06-24 05:31:04","en",937,40,84,6683,0.399,"https://twitter.com/user_336059787/status/8838882744791244896"
"twitter_finance_71","New economy regulation in economy. Impact on economy market? Institutional flows continue. #trading #finance #crypto #investing","Twitter","Economy","fintech_daily_158","2025-06-26 19:04:04","en",1246,112,75,9214,0.219,"https://twitter.com/user_689723144/status/1275775390296948156"
"reuters_news_71","Industry Study: economy sector growth projections for 2024. Data-driven insights for investors.","NewsWebsite","Economy","John Brown","2025-08-02 22:18:06","en",243,268,55,9053,0.583,"https://www.cnbc.com/article/71"
"reuters_news_25","Market Analysis: economy sector shows strong momentum as investors focus on growth opportunities. Expert analysis suggests continued upward trend.","NewsWebsite","Economy","Sarah Williams","2025-07-30 18:44:06","en",1041,2083,101,13194,0.470,"https://www.bloomberg.com/article/25"
"reuters_news_62","Ethereum price surge momentum: institutional adoption accelerating. Traditional finance taking notice.","NewsWebsite","Economy","Emma Garcia","2025-07-31 02:42:06","en",201,137,3,11437,0.265,"https://www.reuters.com/article/62"
"reuters_news_61","Crypto rally: Ethereum price surge driving altcoin season. DeFi tokens surging.","NewsWebsite","Economy","Emma Williams","2025-07-31 09:30:06","en",231,316,38,14381,0.593,"https://www.marketwatch.com/article/61"
"reuters_news_57","Economic Update: crypto indicators point to robust recovery. Central bank policies supporting market stability.","NewsWebsite","Economy","John Johnson","2025-08-03 17:01:06","en",322,132,22,760,0.690,"https://www.cnbc.com/article/57"
"reuters_news_53","BREAKING: Major developments in crypto market as regulatory changes take effect. Impact on global markets analyzed.","NewsWebsite","Economy","David Jones","2025-08-03 02:48:06","en",289,121,12,8150,0.716,"https://www.bloomberg.com/article/53"
"reuters_news_46","Exclusive: finance company announces strategic partnership. Market reaction and future prospects examined.","NewsWebsite","Economy","Michael Smith","2025-08-01 20:47:06","en",56,127,21,1001,0.117,"https://www.reuters.com/article/46"
"reuters_news_55","Technology Trends: economy innovation driving market transformation. Industry leaders adapt to changing landscape.","NewsWebsite","Economy","John Brown","2025-08-04 08:52:06","en",326,983,103,16643,0.447,"https://www.marketwatch.com/article/55"
"reuters_news_43","Economic Forecast: economy indicators suggest market direction. Professional analysis and predictions.","NewsWebsite","Economy","Emma Williams","2025-08-04 14:45:06","en",375,247,7,8587,0.150,"https://www.reuters.com/article/43"
"reuters_news_79","BREAKING: Major developments in finance market as regulatory changes take effect. Impact on global markets analyzed.","NewsWebsite","Economy","Michael Johnson","2025-08-02 01:34:06","en",171,138,15,6663,0.189,"https://www.marketwatch.com/article/79"
"reuters_news_13","Crypto rally: Ethereum price surge driving altcoin season. DeFi tokens surging.","NewsWebsite","Economy","Michael Brown","2025-08-02 08:06:06","en",166,75,30,2138,0.717,"https://www.marketwatch.com/article/13"
"reuters_news_37","Technology Trends: economy innovation driving market transformation. Industry leaders adapt to changing landscape.","NewsWebsite","Economy","Emma Garcia","2025-08-01 07:07:06","en",144,176,19,2529,0.092,"https://www.bloomberg.com/article/37"
"reuters_news_70","Technology Trends: crypto innovation driving market transformation. Industry leaders adapt to changing landscape.","NewsWebsite","Economy","John Johnson","2025-08-01 18:16:06","en",265,138,47,13235,0.447,"https://www.reuters.com/article/70"
"reuters_news_58","Industry Study: finance sector growth projections for 2024. Data-driven insights for investors.","NewsWebsite","Economy","David Johnson","2025-08-04 21:59:06","en",148,140,51,14937,0.420,"https://www.bloomberg.com/article/58"
"reuters_news_80","Economic Policy: New measures affecting finance sector announced. Expert opinions on market implications.","NewsWebsite","Economy","David Jones","2025-07-31 17:08:06","en",116,139,23,3650,-0.058,"https://www.cnbc.com/article/80"
"reuters_news_44","Economic Policy: New measures affecting crypto sector announced. Expert opinions on market implications.","NewsWebsite","Economy","David Garcia","2025-07-31 07:42:06","en",323,63,6,2089,0.273,"https://www.bloomberg.com/article/44"
"reuters_news_14","Exclusive: crypto company announces strategic partnership. Market reaction and future prospects examined.","NewsWebsite","Economy","John Garcia","2025-08-02 16:41:06","en",127,7,19,2971,-0.271,"https://www.reuters.com/article/14"
"reuters_news_27","Research Report: economy market analysis reveals key trends and investment opportunities. Comprehensive coverage of sector performance.","NewsWebsite","Economy","Sarah Jones","2025-07-31 18:40:06","en",202,328,38,4809,0.269,"https://www.marketwatch.com/article/27"
"reuters_news_38","Economic Policy: New measures affecting crypto sector announced. Expert opinions on market implications.","NewsWebsite","Economy","David Williams","2025-08-03 17:27:06","en",571,87,77,5547,0.503,"https://www.reuters.com/article/38"
"reuters_news_30","Research Report: economy market analysis reveals key trends and investment opportunities. Comprehensive coverage of sector performance.","NewsWebsite","Economy","John Brown","2025-08-04 04:49:06","en",200,551,28,13611,0.125,"https://www.reuters.com/article/30"
"reuters_news_3","Industry Study: economy sector growth projections for 2024. Data-driven insights for investors.","NewsWebsite","Economy","John Jones","2025-08-04 16:24:06","en",227,210,36,7738,0.519,"https://www.cnbc.com/article/3"
"reuters_news_39","Industry Study: economy sector growth projections for 2024. Data-driven insights for investors.","NewsWebsite","Economy","David Jones","2025-08-04 07:26:06","en",2027,1915,78,81355,0.910,"https://www.reuters.com/article/39"
"reuters_news_65","Industry Study: economy sector growth projections for 2024. Data-driven insights for investors.","NewsWebsite","Economy","David Garcia","2025-08-01 06:36:06","en",385,265,47,2540,0.627,"https://www.marketwatch.com/article/65"
"reuters_news_16","Technology Trends: finance innovation driving market transformation. Industry leaders adapt to changing landscape.","NewsWebsite","Economy","John Brown","2025-08-04 20:09:06","en",250,297,36,3394,0.262,"https://www.marketwatch.com/article/16"
"reuters_news_9","BREAKING: Major developments in crypto market as regulatory changes take effect. Impact on global markets analyzed.","NewsWebsite","Economy","Lisa Jones","2025-08-01 21:34:06","en",723,413,74,10920,0.933,"https://www.marketwatch.com/article/9"
"reuters_news_63","Market Analysis: finance sector shows strong momentum as investors focus on growth opportunities. Expert analysis suggests continued upward trend.","NewsWebsite","Economy","David Williams","2025-07-31 21:22:06","en",261,379,66,2629,0.663,"https://www.marketwatch.com/article/63"
"reuters_news_18","Technology Trends: crypto innovation driving market transformation. Industry leaders adapt to changing landscape.","NewsWebsite","Economy","Emma Smith","2025-07-31 05:59:06","en",444,212,22,7551,0.103,"https://www.reuters.com/article/18"
"reuters_news_20","Exclusive: economy company announces strategic partnership. Market reaction and future prospects examined.","NewsWebsite","Economy","John Williams","2025-08-01 18:13:06","en",263,68,21,2162,0.290,"https://www.marketwatch.com/article/20"
"reuters_news_17","Technology Trends: finance innovation driving market transformation. Industry leaders adapt to changing landscape.","NewsWebsite","Economy","Sarah Garcia","2025-08-01 19:06:06","en",228,257,36,7844,0.428,"https://www.reuters.com/article/17"
"reuters_news_31","Technology Trends: crypto innovation driving market transformation. Industry leaders adapt to changing landscape.","NewsWebsite","Economy","David Johnson","2025-07-31 12:02:06","en",538,177,62,19910,0.530,"https://www.cnbc.com/article/31"
"reuters_news_50","Industry Study: economy sector growth projections for 2024. Data-driven insights for investors.","NewsWebsite","Economy","Emma Garcia","2025-08-01 17:37:06","en",726,370,58,2630,0.622,"https://www.reuters.com/article/50"
"reuters_news_74","Crypto market update: Ethereum price surge leading the charge. Risk-on sentiment in digital assets.","NewsWebsite","Economy","Lisa Brown","2025-08-01 03:02:06","en",359,21,45,8220,0.734,"https://www.bloomberg.com/article/74"
"reuters_news_48","Economic Update: finance indicators point to robust recovery. Central bank policies supporting market stability.","NewsWebsite","Economy","Michael Williams","2025-08-04 18:41:06","en",712,815,88,37519,0.803,"https://www.cnbc.com/article/48"
"reuters_news_45","Economic Policy: New measures affecting finance sector announced. Expert opinions on market implications.","NewsWebsite","Economy","Michael Jones","2025-08-03 21:44:06","en",243,251,3,10618,0.370,"https://www.reuters.com/article/45"
"reuters_news_5","Exclusive: crypto company announces strategic partnership. Market reaction and future prospects examined.","NewsWebsite","Economy","John Brown","2025-08-04 17:20:06","en",296,206,35,9289,0.148,"https://www.reuters.com/article/5"
"reuters_news_21","BREAKING: Major developments in economy market as regulatory changes take effect. Impact on global markets analyzed.","NewsWebsite","Economy","Lisa Johnson","2025-08-02 06:01:06","en",426,155,32,6575,0.254,"https://www.bloomberg.com/article/21"
"reuters_news_47","BREAKING: Major developments in economy market as regulatory changes take effect. Impact on global markets analyzed.","NewsWebsite","Economy","David Jones","2025-08-04 03:02:06","en",327,200,2,11184,0.824,"https://www.reuters.com/article/47"
"reuters_news_78","Economic Policy: New measures affecting crypto sector announced. Expert opinions on market implications.","NewsWebsite","Economy","Sarah Brown","2025-08-01 18:00:06","en",260,164,34,8870,0.386,"https://www.marketwatch.com/article/78"
"reuters_news_29","BREAKING: Major developments in crypto market as regulatory changes take effect. Impact on global markets analyzed.","NewsWebsite","Economy","John Brown","2025-07-31 06:32:06","en",1398,934,106,21936,0.715,"https://www.marketwatch.com/article/29"
"reuters_news_22","Economic Policy: New measures affecting economy sector announced. Expert opinions on market implications.","NewsWebsite","Economy","Emma Jones","2025-08-02 20:10:06","en",4823,348,149,63735,0.461,"https://www.cnbc.com/article/22"
"reuters_news_2","Research Report: economy market analysis reveals key trends and investment opportunities. Comprehensive coverage of sector performance.","NewsWebsite","Economy","David Smith","2025-08-04 06:11:06","en",1671,1531,59,70123,0.218,"https://www.bloomberg.com/article/2"
"twitter_finance_79","Federal Reserve raises rates by 53 basis points. Market reaction: bullish. Impact on industrial stocks? #stocks #finance #fintech","Twitter","Economy","investor_guru_576","2025-07-31 02:32:05","en",285,186,166,6200,0.801,"https://twitter.com/user_433364763/status/3471459372059635756"
"twitter_finance_77","Crypto rally: Solana price surge driving altcoin season. DeFi tokens surging.","Twitter","Economy","analyst_expert_153","2025-08-04 13:13:05","en",1148,221,73,7444,0.566,"https://twitter.com/user_835485993/status/1617060350369614063"
"twitter_finance_32","CPI data: 3.5% YoY inflation, higher than expected. Core inflation at 6.7%. Market implications? #economy #investing #stocks #markets","Twitter","Economy","market_news_177","2025-08-04 20:01:04","en",657,30,198,18554,-0.502,"https://twitter.com/user_417897961/status/6000130074327423158"
"twitter_finance_76","Solana price surge momentum: institutional adoption accelerating. Traditional finance taking notice.","Twitter","Economy","analyst_news_396","2025-07-30 12:57:05","en",631,146,22,17375,0.077,"https://twitter.com/user_965941741/status/3811333788602967342"
"twitter_finance_4","Crypto market update: Solana price surge leading the charge. Risk-on sentiment in digital assets.","Twitter","Economy","crypto_pro_310","2025-08-01 04:57:04","en",1064,226,81,3723,0.380,"https://twitter.com/user_676549497/status/7704872333004260861"
"twitter_finance_60","finance market analysis: Technical breakout at $finance. Support at $finance. Target: $finance. #wallstreet #investing #finance","Twitter","Economy","market_pro_972","2025-08-01 04:50:04","en",403,130,41,13188,-0.050,"https://twitter.com/user_943202729/status/3364133424398535187"
"twitter_finance_85","crypto market analysis: Technical breakout at $crypto. Support at $crypto. Target: $crypto. #economy #stocks","Twitter","Economy","market_guru_775","2025-08-01 01:49:05","en",936,160,21,8641,0.331,"https://twitter.com/user_569722529/status/2902735763295759075"
"twitter_finance_91","AMD announces major AI partnership with Meta. Stock up 14% in pre-market. Tech sector rally continues. #crypto #markets #fintech","Twitter","Economy","analyst_news_816","2025-08-01 04:44:05","en",616,114,40,10146,0.356,"https://twitter.com/user_401130442/status/5192311870311060388"
"twitter_finance_2","Portfolio update: crypto% in growth, crypto% in value, crypto% in bonds. Rebalancing needed? #investing #finance #stocks","Twitter","Economy","investor_pro_721","2025-08-03 07:26:04","nld",1153,25,81,4652,0.457,"https://twitter.com/user_938928273/status/5427445501133683251"
"twitter_finance_16","Federal Reserve raises rates by 76 basis points. Market reaction: bullish. Impact on healthcare stocks? #finance #investing","Twitter","Economy","analyst_guru_857","2025-08-02 01:58:04","en",4156,271,57,103241,0.381,"https://twitter.com/user_444948949/status/8868166817654411914"
"twitter_finance_63","Tesla earnings: EPS $3.50, revenue $11B. Beat estimates by 5%. Stock up 4% AH. #wallstreet #economy #economy","Twitter","Economy","market_daily_338","2025-08-02 20:43:04","cat",2204,101,121,10215,-0.006,"https://twitter.com/user_563049094/status/6479810362390876344"
"twitter_finance_90","Crypto rally: Solana price surge driving altcoin season. DeFi tokens surging.","Twitter","Economy","market_insights_541","2025-08-03 21:02:05","en",985,346,195,45566,0.787,"https://twitter.com/user_922079230/status/3618516902353055354"
"twitter_finance_23","Supply chain update: economy delays easing. economy sector recovery. Inflation pressure? #economy #markets","Twitter","Economy","analyst_daily_800","2025-08-04 22:18:04","en",641,167,80,7168,-0.170,"https://twitter.com/user_654460260/status/8104532548270366124"
"twitter_finance_70","New economy regulation in economy. Impact on economy market? Institutional flows continue. #trading #economy #investing #wallstreet","Twitter","Economy","fintech_insights_142","2025-08-01 18:51:04","en",607,262,29,36034,-0.236,"https://twitter.com/user_752839946/status/8574835090336824199"
"twitter_finance_62","GDP Q4 growth: economy% annualized. economy sector strongest performer. Recession fears easing. #trading #economy #finance","Twitter","Economy","crypto_pro_802","2025-08-05 01:48:04","en",629,38,20,3163,0.101,"https://twitter.com/user_633702669/status/4373995652100470459"
"twitter_finance_80","Cardano just hit $68K! 🚀 Market cap now $124B. Institutional adoption accelerating. #trading #economy","Twitter","Economy","crypto_expert_933","2025-08-01 06:46:05","en",852,54,44,18367,0.462,"https://twitter.com/user_271419742/status/1774180460003889872"
"twitter_finance_87","US central bank announces tightening policy. Currency impact: -3% vs USD. Trade implications? #stocks #economy #crypto","Twitter","Economy","investor_news_185","2025-08-03 13:42:05","en",710,91,71,12759,-0.233,"https://twitter.com/user_929142298/status/6542996172943606138"
"twitter_finance_54","Oil prices hit $83 per barrel. UK production cuts. Energy sector implications? #finance #trading #markets","Twitter","Economy","trader_news_713","2025-07-31 12:29:04","en",238,95,111,4545,-0.063,"https://twitter.com/user_437132923/status/7027052325183120991"
"twitter_finance_50","BREAKING: AMD stock surges 18% after earnings beat! Q4 revenue up 20% YoY. Analysts upgrading price targets. #finance #fintech","Twitter","Economy","fintech_guru_264","2025-08-04 07:58:04","en",653,70,82,13411,0.371,"https://twitter.com/user_464861635/status/3777887707009828188"
"twitter_finance_97","Supply chain update: economy delays easing. economy sector recovery. Inflation pressure? #economy #crypto #investing","Twitter","Economy","trader_news_850","2025-08-03 17:42:05","en",104,11,25,6711,-0.016,"https://twitter.com/user_197183475/status/2825595328997845100"
"twitter_finance_43","Portfolio update: economy% in growth, economy% in value, economy% in bonds. Rebalancing needed? #crypto #wallstreet #markets #fintech","Twitter","Economy","analyst_daily_206","2025-08-01 03:39:04","nld",493,308,190,32160,0.879,"https://twitter.com/user_125830737/status/3693200172640470424"
"twitter_finance_45","CPI data: 5.5% YoY inflation, lower than expected. Core inflation at 6.6%. Market implications? #crypto #finance","Twitter","Economy","analyst_insights_489","2025-08-04 04:32:04","en",619,123,43,21041,-0.012,"https://twitter.com/user_297986976/status/8506646625775629983"
"twitter_finance_27","S&P 500 up economy% today. economy sector leading gains. VIX down to economy. Risk-on sentiment. #wallstreet #investing #economy #trading","Twitter","Economy","crypto_pro_124","2025-08-01 22:09:04","fra",415,111,27,17819,0.146,"https://twitter.com/user_678338879/status/1543040760093928905"
"twitter_finance_88","crypto launches new crypto product. Early reviews positive. Market share implications? #finance #fintech","Twitter","Economy","market_expert_630","2025-07-31 16:33:05","en",663,28,42,6779,0.059,"https://twitter.com/user_457874705/status/1741893170999403053"
"twitter_finance_94","New economy regulation in economy. Impact on economy market? Institutional flows continue. #stocks #investing","Twitter","Economy","crypto_insights_808","2025-07-31 17:50:05","en",700,153,98,13603,0.014,"https://twitter.com/user_566727022/status/1290400298011449266"
"twitter_finance_15","finance launches new finance product. Early reviews positive. Market share implications? #trading #markets #investing","Twitter","Economy","crypto_pro_848","2025-08-03 17:26:04","en",600,97,32,16495,0.365,"https://twitter.com/user_456118137/status/5365967755503846417"
"twitter_finance_81","Solana price surge momentum: institutional adoption accelerating. Traditional finance taking notice.","Twitter","Economy","analyst_daily_937","2025-08-02 14:30:05","en",3037,395,30,62771,0.398,"https://twitter.com/user_329249100/status/3560683971977591251"
"twitter_finance_11","Japan central bank announces QE policy. Currency impact: -2% vs USD. Trade implications? #trading #fintech #markets #economy","Twitter","Economy","market_insights_496","2025-08-02 07:21:04","en",260,214,108,2953,0.482,"https://twitter.com/user_392307848/status/5880482729454245712"
"twitter_finance_92","Google announces major AI partnership with Meta. Stock up 8% in pre-market. Tech sector rally continues. #fintech #finance","Twitter","Economy","market_guru_601","2025-08-05 06:41:05","en",201,66,89,2729,0.366,"https://twitter.com/user_874144063/status/3542360111905513584"
"twitter_finance_44","economy market analysis: Technical breakout at $economy. Support at $economy. Target: $economy. #wallstreet #markets #stocks","Twitter","Economy","trader_insights_807","2025-07-31 19:29:04","en",172,27,10,14764,0.143,"https://twitter.com/user_721862128/status/2943608566429669927"
"twitter_finance_58","economy market analysis: Technical breakout at $economy. Support at $economy. Target: $economy. #markets #fintech #stocks","Twitter","Economy","investor_guru_517","2025-07-30 10:45:04","en",178,252,17,23584,0.355,"https://twitter.com/user_674990171/status/1783740408723905749"
"twitter_finance_55","crypto market analysis: Technical breakout at $crypto. Support at $crypto. Target: $crypto. #markets #trading #investing #fintech","Twitter","Economy","investor_pro_985","2025-08-04 02:59:04","en",1551,46,75,2416,0.280,"https://twitter.com/user_542782739/status/5049680035969782465"
"twitter_finance_31","Supply chain update: finance delays easing. finance sector recovery. Inflation pressure? #markets #wallstreet #finance","Twitter","Economy","crypto_news_256","2025-08-03 01:11:04","en",208,122,8,7357,-0.329,"https://twitter.com/user_341707207/status/3324216948635411180"
"twitter_finance_83","finance market analysis: Technical breakout at $finance. Support at $finance. Target: $finance. #investing #fintech","Twitter","Economy","fintech_guru_201","2025-07-31 17:11:05","en",1277,73,30,28420,0.054,"https://twitter.com/user_806554347/status/2087466425735190534"
"twitter_finance_3","GDP Q4 growth: crypto% annualized. crypto sector strongest performer. Recession fears easing. #finance #wallstreet","Twitter","Economy","crypto_news_661","2025-08-03 20:28:04","en",1128,382,109,30161,0.085,"https://twitter.com/user_732694577/status/1489927842703519692"
"twitter_finance_42","finance finance upgrade live! Gas fees down finance%. DeFi TVL reaches $financeB. Bullish! #trading #fintech #finance","Twitter","Economy","crypto_insights_153","2025-07-31 04:10:04","en",1805,175,190,10613,1.000,"https://twitter.com/user_210837486/status/6425731694917592324"
"twitter_finance_36","GDP Q4 growth: economy% annualized. economy sector strongest performer. Recession fears easing. #investing #economy","Twitter","Economy","trader_pro_765","2025-08-03 07:59:04","en",278,9,21,10078,-0.232,"https://twitter.com/user_471397169/status/8788414771647047275"
"twitter_finance_64","crypto crypto upgrade live! Gas fees down crypto%. DeFi TVL reaches $cryptoB. Bullish! #markets #fintech #crypto","Twitter","Economy","analyst_news_372","2025-07-30 18:17:04","por",191,66,59,7811,0.762,"https://twitter.com/user_738794370/status/7658248195234969491"
"twitter_finance_46","economy economy upgrade live! Gas fees down economy%. DeFi TVL reaches $economyB. Bullish! #trading #investing #wallstreet","Twitter","Economy","investor_news_928","2025-08-01 13:07:04","spa",1511,136,100,17174,1.000,"https://twitter.com/user_860625370/status/6099715687869991161"
"twitter_finance_21","Cardano just hit $52K! 🚀 Market cap now $324B. Institutional adoption accelerating. #markets #crypto","Twitter","Economy","analyst_insights_385","2025-07-30 11:27:04","en",435,121,31,7482,0.680,"https://twitter.com/user_557265915/status/8029657196786207074"
"twitter_finance_86","crypto crypto upgrade live! Gas fees down crypto%. DeFi TVL reaches $cryptoB. Bullish! #trading #economy","Twitter","Economy","fintech_guru_333","2025-08-04 11:16:05","por",1048,202,36,16634,0.761,"https://twitter.com/user_688315970/status/9965813623385100344"
"twitter_finance_78","crypto market analysis: Technical breakout at $crypto. Support at $crypto. Target: $crypto. #fintech #crypto #economy","Twitter","Economy","trader_guru_748","2025-08-04 06:08:05","en",326,59,52,16860,0.173,"https://twitter.com/user_955390929/status/2009819137573044281"
"twitter_finance_89","GDP Q4 growth: finance% annualized. finance sector strongest performer. Recession fears easing. #stocks #finance #markets","Twitter","Economy","market_insights_144","2025-07-30 21:59:05","en",638,107,44,8915,-0.153,"https://twitter.com/user_588896959/status/3467342563281239668"
"twitter_finance_98","Portfolio update: finance% in growth, finance% in value, finance% in bonds. Rebalancing needed? #wallstreet #investing #crypto #fintech","Twitter","Economy","market_pro_299","2025-08-02 22:34:05","nld",1211,222,102,20759,0.521,"https://twitter.com/user_769371556/status/5703136916824456572"
"twitter_finance_73","Ethereum just hit $57K! 🚀 Market cap now $106B. Institutional adoption accelerating. #finance #stocks #crypto","Twitter","Economy","trader_daily_589","2025-08-01 20:06:05","en",388,27,90,19631,1.000,"https://twitter.com/user_527850965/status/4727113564569726241"
"twitter_finance_75","Portfolio update: economy% in growth, economy% in value, economy% in bonds. Rebalancing needed? #trading #crypto #wallstreet","Twitter","Economy","fintech_pro_839","2025-08-03 05:14:05","nld",1579,161,25,23113,0.729,"https://twitter.com/user_887227141/status/5757280359692220615"
"twitter_finance_82","New economy regulation in economy. Impact on economy market? Institutional flows continue. #investing #wallstreet #stocks","Twitter","Economy","fintech_insights_694","2025-07-31 16:14:05","en",2291,84,36,32978,0.509,"https://twitter.com/user_683071126/status/5288950660380591943"
"twitter_finance_24","Oil prices hit $88 per barrel. EU production cuts. Energy sector implications? #finance #markets #wallstreet","Twitter","Economy","trader_insights_235","2025-08-05 01:14:04","fra",240,79,77,10122,0.154,"https://twitter.com/user_730406312/status/4436281638879927757"
"twitter_finance_25","GDP Q4 growth: economy% annualized. economy sector strongest performer. Recession fears easing. #markets #economy","Twitter","Economy","trader_guru_692","2025-07-30 12:21:04","en",557,36,36,1298,-0.070,"https://twitter.com/user_161840573/status/6433043086107423637"
"twitter_finance_40","Crypto market update: Solana price surge leading the charge. Risk-on sentiment in digital assets.","Twitter","Economy","market_guru_962","2025-08-05 08:38:04","en",1399,227,89,23252,0.150,"https://twitter.com/user_310633865/status/6609592515681350965"
"twitter_finance_29","GDP Q4 growth: economy% annualized. economy sector strongest performer. Recession fears easing. #crypto #wallstreet #economy #stocks","Twitter","Economy","analyst_expert_499","2025-07-31 10:03:04","en",1595,28,132,10395,0.363,"https://twitter.com/user_464949200/status/2310243656691094531"
"twitter_finance_1","Crypto rally: Solana price surge driving altcoin season. DeFi tokens surging.","Twitter","Economy","trader_daily_712","2025-08-04 00:44:04","en",76,63,53,1879,-0.035,"https://twitter.com/user_338337739/status/3759042746323345474"
"twitter_finance_22","finance market analysis: Technical breakout at $finance. Support at $finance. Target: $finance. #finance #wallstreet #crypto","Twitter","Economy","crypto_guru_814","2025-08-04 04:42:04","en",906,27,66,21677,0.244,"https://twitter.com/user_259623390/status/5354258276160190256"
"twitter_finance_84","Crypto market update: Solana price surge leading the charge. Risk-on sentiment in digital assets.","Twitter","Economy","crypto_guru_639","2025-07-31 12:30:05","en",1384,184,106,6790,0.280,"https://twitter.com/user_899591293/status/4476173241779214179"
"reddit_finance_16","finance fundamentals check: is this a good entry point or wait for pullback?","Reddit","Economy","trading_enthusiast_8020","2025-08-06 08:24:09","en",2532,56,351,52695,-0.177,"https://reddit.com/r/cryptocurrency/comments/1941753796"
"reddit_finance_80","Crypto rally: Solana price surge driving altcoin season. DeFi tokens surging.","Reddit","Economy","wise_trader_3087","2025-08-06 03:07:09","en",2477,54,293,68282,-0.009,"https://reddit.com/r/stocks/comments/1952491474"
"reddit_finance_123","finance sector deep dive: fundamentals vs technical analysis. Which approach do you prefer?","Reddit","Economy","market_investor_7241","2025-08-05 20:54:09","en",1594,113,570,56490,0.436,"https://reddit.com/r/investing/comments/6827177917"
"reddit_finance_106","crypto regulation update: what this means for investors and traders.","Reddit","Economy","wise_investor_7871","2025-08-05 13:38:09","en",4575,28,677,56840,0.286,"https://reddit.com/r/investing/comments/2892178023"
"reddit_finance_52","finance fundamentals check: is this a good entry point or wait for pullback?","Reddit","Economy","trading_investor_6598","2025-08-06 00:17:09","en",3604,122,492,47255,0.280,"https://reddit.com/r/wallstreetbets/comments/9867428117"
"reddit_finance_57","New report on crypto: key findings and market implications. Worth reading!","Reddit","Economy","crypto_trader_8438","2025-08-05 21:45:09","en",3309,50,308,16545,0.583,"https://reddit.com/r/cryptocurrency/comments/3026706327"
"reuters_news_73","BREAKING: Major developments in economy market as regulatory changes take effect. Impact on global markets analyzed.","NewsWebsite","Economy","David Brown","2025-08-06 01:43:06","en",1138,106,31,37152,0.429,"https://www.bloomberg.com/article/73"
"reuters_news_32","Ethereum price surge momentum: institutional adoption accelerating. Traditional finance taking notice.","NewsWebsite","Economy","David Williams","2025-08-06 00:46:06","en",578,104,24,20892,1.000,"https://www.marketwatch.com/article/32"
"reuters_news_69","Technology Trends: economy innovation driving market transformation. Industry leaders adapt to changing landscape.","NewsWebsite","Economy","David Johnson","2025-08-05 18:30:06","en",146,303,17,11025,0.334,"https://www.marketwatch.com/article/69"
"reuters_news_8","Market Analysis: crypto sector shows strong momentum as investors focus on growth opportunities. Expert analysis suggests continued upward trend.","NewsWebsite","Economy","Sarah Garcia","2025-08-05 18:25:06","en",166,202,37,7468,0.519,"https://www.bloomberg.com/article/8"
"reuters_news_0","Market Analysis: economy sector shows strong momentum as investors focus on growth opportunities. Expert analysis suggests continued upward trend.","NewsWebsite","Economy","Lisa Jones","2025-08-06 07:46:06","en",367,128,26,6328,0.493,"https://www.cnbc.com/article/0"
"reuters_news_15","Crypto market update: Ethereum price surge leading the charge. Risk-on sentiment in digital assets.","NewsWebsite","Economy","John Williams","2025-08-06 03:26:06","en",552,100,41,12203,0.712,"https://www.marketwatch.com/article/15"
"reuters_news_54","Technology Trends: crypto innovation driving market transformation. Industry leaders adapt to changing landscape.","NewsWebsite","Economy","David Williams","2025-07-20 14:35:06","en",350,97,21,9049,0.366,"https://www.marketwatch.com/article/54"
"reuters_news_77","BREAKING: Major developments in economy market as regulatory changes take effect. Impact on global markets analyzed.","NewsWebsite","Economy","Sarah Garcia","2025-07-28 04:12:06","en",352,182,71,2601,0.604,"https://www.reuters.com/article/77"
"reuters_news_23","Market Analysis: economy sector shows strong momentum as investors focus on growth opportunities. Expert analysis suggests continued upward trend.","NewsWebsite","Economy","Sarah Williams","2025-07-29 16:26:06","en",332,79,33,6825,0.522,"https://www.bloomberg.com/article/23"
"reuters_news_75","Ethereum price surge momentum: institutional adoption accelerating. Traditional finance taking notice.","NewsWebsite","Economy","Sarah Williams","2025-07-20 22:50:06","en",456,200,65,15679,0.936,"https://www.cnbc.com/article/75"
"reuters_news_11","BREAKING: Major developments in crypto market as regulatory changes take effect. Impact on global markets analyzed.","NewsWebsite","Economy","Sarah Jones","2025-07-22 01:25:06","en",626,24,14,4970,0.515,"https://www.reuters.com/article/11"
"reuters_news_76","Economic Policy: New measures affecting crypto sector announced. Expert opinions on market implications.","NewsWebsite","Economy","John Brown","2025-07-24 09:31:06","en",134,20,27,5672,0.028,"https://www.reuters.com/article/76"
"reuters_news_68","BREAKING: Major developments in finance market as regulatory changes take effect. Impact on global markets analyzed.","NewsWebsite","Economy","Sarah Jones","2025-07-14 07:49:06","en",390,133,3,5052,0.329,"https://www.cnbc.com/article/68"
"reuters_news_66","Technology Trends: crypto innovation driving market transformation. Industry leaders adapt to changing landscape.","NewsWebsite","Economy","Sarah Smith","2025-07-14 10:28:06","en",106,64,6,3648,0.305,"https://www.marketwatch.com/article/66"
"reuters_news_41","BREAKING: Major developments in finance market as regulatory changes take effect. Impact on global markets analyzed.","NewsWebsite","Economy","Michael Garcia","2025-07-07 12:17:06","en",126,333,47,7076,0.295,"https://www.bloomberg.com/article/41"
"reuters_news_72","Exclusive: economy company announces strategic partnership. Market reaction and future prospects examined.","NewsWebsite","Economy","Sarah Williams","2025-07-20 12:56:06","en",289,242,29,5663,0.184,"https://www.bloomberg.com/article/72"
"reuters_news_36","Technology Trends: finance innovation driving market transformation. Industry leaders adapt to changing landscape.","NewsWebsite","Economy","Michael Smith","2025-07-23 21:37:06","en",175,286,4,4474,0.458,"https://www.reuters.com/article/36"
"reuters_news_19","Research Report: economy market analysis reveals key trends and investment opportunities. Comprehensive coverage of sector performance.","NewsWebsite","Economy","Michael Brown","2025-07-29 22:48:06","en",43,26,25,1392,0.162,"https://www.reuters.com/article/19"
"reuters_news_26","Industry Study: finance sector growth projections for 2024. Data-driven insights for investors.","NewsWebsite","Economy","Emma Garcia","2025-07-29 00:49:06","en",81,145,26,4212,0.853,"https://www.bloomberg.com/article/26"
"reuters_news_59","Economic Update: finance indicators point to robust recovery. Central bank policies supporting market stability.","NewsWebsite","Economy","Michael Brown","2025-07-28 09:27:06","en",888,411,106,22786,0.731,"https://www.cnbc.com/article/59"
"reuters_news_60","Research Report: finance market analysis reveals key trends and investment opportunities. Comprehensive coverage of sector performance.","NewsWebsite","Economy","John Garcia","2025-07-25 09:34:06","en",63,199,7,6970,0.152,"https://www.marketwatch.com/article/60"
"reuters_news_4","BREAKING: Major developments in crypto market as regulatory changes take effect. Impact on global markets analyzed.","NewsWebsite","Economy","Lisa Garcia","2025-07-26 19:45:06","en",307,164,11,10128,0.576,"https://www.reuters.com/article/4"
"reuters_news_67","Economic Forecast: finance indicators suggest market direction. Professional analysis and predictions.","NewsWebsite","Economy","Emma Johnson","2025-07-29 06:18:06","en",126,166,46,4650,0.487,"https://www.bloomberg.com/article/67"
"reuters_news_64","Research Report: finance market analysis reveals key trends and investment opportunities. Comprehensive coverage of sector performance.","NewsWebsite","Economy","Michael Johnson","2025-07-21 21:58:06","en",650,197,48,11642,0.089,"https://www.marketwatch.com/article/64"
"reuters_news_12","Crypto market update: Ethereum price surge leading the charge. Risk-on sentiment in digital assets.","NewsWebsite","Economy","Sarah Brown","2025-07-30 08:04:06","en",406,219,7,8326,0.466,"https://www.marketwatch.com/article/12"
"reuters_news_33","Economic Update: finance indicators point to robust recovery. Central bank policies supporting market stability.","NewsWebsite","Economy","Michael Jones","2025-07-12 07:25:06","en",375,118,36,7908,0.787,"https://www.cnbc.com/article/33"
"reuters_news_51","Exclusive: economy company announces strategic partnership. Market reaction and future prospects examined.","NewsWebsite","Economy","John Smith","2025-07-30 03:22:06","en",55,252,16,9226,0.255,"https://www.bloomberg.com/article/51"
"reuters_news_56","Crypto rally: Ethereum price surge driving altcoin season. DeFi tokens surging.","NewsWebsite","Economy","Emma Johnson","2025-07-06 13:35:06","en",722,430,58,11924,0.746,"https://www.bloomberg.com/article/56"
"reuters_news_34","Industry Study: economy sector growth projections for 2024. Data-driven insights for investors.","NewsWebsite","Economy","Lisa Jones","2025-06-29 01:24:06","en",327,199,64,4760,0.730,"https://www.bloomberg.com/article/34"
"twitter_finance_12","GDP Q4 growth: economy% annualized. economy sector strongest performer. Recession fears easing. #fintech #trading #finance","Twitter","Economy","trader_news_865","2025-08-05 15:20:04","en",202,79,6,2142,-0.178,"https://twitter.com/user_740766604/status/4323784150383742388"
"twitter_finance_53","Crypto rally: Solana price surge driving altcoin season. DeFi tokens surging.","Twitter","Economy","crypto_guru_693","2025-08-05 19:15:04","en",972,208,30,8911,0.729,"https://twitter.com/user_500019455/status/3132874417663643540"
"twitter_finance_19","NVIDIA earnings: EPS $2.50, revenue $13B. Beat estimates by 5%. Stock up 6% AH. #economy #trading #markets #fintech","Twitter","Economy","trader_guru_307","2025-08-05 14:30:04","cat",114,187,81,19831,0.486,"https://twitter.com/user_717459100/status/5363322076010159291"
"twitter_finance_72","Microsoft announces major AI partnership with Apple. Stock up 5% in pre-market. Tech sector rally continues. #trading #economy #economy","Twitter","Economy","trader_guru_142","2025-08-06 08:39:05","en",935,186,56,17303,0.550,"https://twitter.com/user_447118488/status/2593315590283584045"
"twitter_finance_47","AMD earnings: EPS $2.80, revenue $93B. Beat estimates by 8%. Stock up 4% AH. #crypto #stocks","Twitter","Economy","fintech_insights_683","2025-08-06 05:48:04","lat",462,50,89,21823,0.081,"https://twitter.com/user_825400003/status/6444144920793364035"
"twitter_finance_20","Netflix earnings: EPS $2.40, revenue $43B. Beat estimates by 13%. Stock up 11% AH. #stocks #wallstreet #finance #fintech","Twitter","Economy","crypto_daily_697","2025-08-06 01:41:04","en",854,163,22,1593,0.650,"https://twitter.com/user_754728554/status/5437884221306844720"
"bbc_rss_6","Feed Alert: finance economic indicators released. Market impact and investor sentiment analysis.","RSS","Economy","Reuters","2025-07-29 03:01:07","en",95,32,4,719,0.361,"https://feeds.reuters.com/feed/6"
"bbc_rss_43","RSS Update: finance market developments and analysis. Latest news and expert commentary on sector trends.","RSS","Economy","Yahoo Finance","2025-07-22 01:05:07","en",187,20,10,4069,0.811,"https://feeds.cnbc.com/feed/43"
"bbc_rss_28","RSS Update: economy market developments and analysis. Latest news and expert commentary on sector trends.","RSS","Economy","Reuters","2025-07-29 18:34:07","en",268,51,6,4174,0.556,"https://feeds.bloomberg.com/feed/28"
"bbc_rss_29","Solana price surge momentum: institutional adoption accelerating. Traditional finance taking notice.","RSS","Economy","Reuters","2025-07-25 13:21:07","en",46,31,4,4434,0.372,"https://feeds.bloomberg.com/feed/29"
"bbc_rss_16","Crypto rally: Solana price surge driving altcoin season. DeFi tokens surging.","RSS","Economy","Reuters","2025-07-20 16:21:07","en",36,8,11,588,0.114,"https://feeds.cnbc.com/feed/16"
"bbc_rss_12","Feed News: finance cryptocurrency developments. Regulatory updates and market analysis.","RSS","Economy","Bloomberg","2025-07-27 19:47:07","en",216,9,25,1897,0.358,"https://feeds.cnbc.com/feed/12"
"bbc_rss_22","RSS Update: finance market developments and analysis. Latest news and expert commentary on sector trends.","RSS","Economy","CNBC","2025-07-23 18:43:07","en",290,40,20,3600,0.743,"https://feeds.reuters.com/feed/22"
"bbc_rss_13","RSS Report: finance technology sector updates. Innovation trends and market opportunities.","RSS","Economy","Bloomberg","2025-07-29 04:06:07","en",129,25,12,3096,0.631,"https://feeds.cnbc.com/feed/13"
"bbc_rss_37","Feed Alert: finance economic indicators released. Market impact and investor sentiment analysis.","RSS","Economy","Reuters","2025-07-17 20:28:07","en",155,12,6,3073,0.459,"https://feeds.bloomberg.com/feed/37"
"bbc_rss_45","RSS Report: finance technology sector updates. Innovation trends and market opportunities.","RSS","Economy","Reuters","2025-07-30 07:14:07","en",81,31,36,3367,0.650,"https://feeds.reuters.com/feed/45"
"bbc_rss_41","Feed News: finance cryptocurrency developments. Regulatory updates and market analysis.","RSS","Economy","CNBC","2025-07-24 22:25:07","en",90,15,2,1913,-0.142,"https://feeds.cnbc.com/feed/41"
"bbc_rss_32","Feed News: economy cryptocurrency developments. Regulatory updates and market analysis.","RSS","Economy","Yahoo Finance","2025-08-01 21:17:07","en",91,18,4,1438,0.065,"https://feeds.bloomberg.com/feed/32"
"bbc_rss_26","Feed News: economy cryptocurrency developments. Regulatory updates and market analysis.","RSS","Economy","Yahoo Finance","2025-08-03 14:52:07","en",251,61,8,2968,0.528,"https://feeds.bloomberg.com/feed/26"
"bbc_rss_34","Feed News: crypto cryptocurrency developments. Regulatory updates and market analysis.","RSS","Economy","MarketWatch","2025-08-03 00:37:07","en",129,11,13,1113,0.304,"https://feeds.cnbc.com/feed/34"
"bbc_rss_31","Feed News: crypto cryptocurrency developments. Regulatory updates and market analysis.","RSS","Economy","MarketWatch","2025-08-01 19:31:07","en",250,31,3,3213,0.536,"https://feeds.cnbc.com/feed/31"
"bbc_rss_35","RSS Update: economy market developments and analysis. Latest news and expert commentary on sector trends.","RSS","Economy","MarketWatch","2025-08-01 11:21:07","en",206,4,20,5800,0.365,"https://feeds.reuters.com/feed/35"
"bbc_rss_9","RSS Report: economy technology sector updates. Innovation trends and market opportunities.","RSS","Economy","CNBC","2025-07-31 14:17:07","en",225,6,14,1195,0.575,"https://feeds.reuters.com/feed/9"
"bbc_rss_19","RSS Report: economy technology sector updates. Innovation trends and market opportunities.","RSS","Economy","Yahoo Finance","2025-08-05 06:59:07","en",186,9,1,3308,0.581,"https://feeds.bloomberg.com/feed/19"
"bbc_rss_15","Feed Alert: crypto economic indicators released. Market impact and investor sentiment analysis.","RSS","Economy","CNBC","2025-08-03 16:34:07","en",76,49,26,2436,0.524,"https://feeds.reuters.com/feed/15"
"bbc_rss_8","RSS Update: crypto market developments and analysis. Latest news and expert commentary on sector trends.","RSS","Economy","CNBC","2025-08-04 08:15:07","en",224,33,15,2343,0.268,"https://feeds.reuters.com/feed/8"
"bbc_rss_3","RSS Report: economy technology sector updates. Innovation trends and market opportunities.","RSS","Economy","Yahoo Finance","2025-08-03 02:40:07","en",113,19,11,1402,0.084,"https://feeds.reuters.com/feed/3"
"bbc_rss_4","RSS Report: crypto technology sector updates. Innovation trends and market opportunities.","RSS","Economy","CNBC","2025-08-03 06:21:07","en",196,15,6,4401,0.137,"https://feeds.bloomberg.com/feed/4"
"bbc_rss_33","Feed Alert: economy economic indicators released. Market impact and investor sentiment analysis.","RSS","Economy","MarketWatch","2025-08-01 18:36:07","en",79,9,1,3000,0.470,"https://feeds.reuters.com/feed/33"
"bbc_rss_10","Crypto rally: Solana price surge driving altcoin season. DeFi tokens surging.","RSS","Economy","CNBC","2025-08-01 01:40:07","en",39,19,21,1293,0.633,"https://feeds.cnbc.com/feed/10"
"bbc_rss_18","RSS Update: crypto market developments and analysis. Latest news and expert commentary on sector trends.","RSS","Economy","MarketWatch","2025-08-03 12:59:07","en",279,10,8,1750,0.676,"https://feeds.bloomberg.com/feed/18"
"bbc_rss_17","Feed Alert: finance economic indicators released. Market impact and investor sentiment analysis.","RSS","Economy","Bloomberg","2025-08-04 01:12:07","en",71,7,2,1948,0.066,"https://feeds.reuters.com/feed/17"
"bbc_rss_11","RSS Report: crypto technology sector updates. Innovation trends and market opportunities.","RSS","Economy","MarketWatch","2025-07-31 09:46:07","en",332,5,7,5183,0.598,"https://feeds.reuters.com/feed/11"
"bbc_rss_40","RSS Report: crypto technology sector updates. Innovation trends and market opportunities.","RSS","Economy","Yahoo Finance","2025-08-04 11:10:07","en",58,5,19,4015,0.858,"https://feeds.reuters.com/feed/40"
"bbc_rss_39","RSS Update: finance market developments and analysis. Latest news and expert commentary on sector trends.","RSS","Economy","Yahoo Finance","2025-08-03 11:08:07","en",121,10,2,5805,0.713,"https://feeds.bloomberg.com/feed/39"
"reddit_finance_67","BREAKING: finance just announced finance. How will this affect the market?","Reddit","Economy","wise_enthusiast_5407","2025-08-01 06:01:09","en",2467,89,168,103861,0.206,"https://reddit.com/r/stocks/comments/7396855978"
"reddit_finance_102","crypto market volatility: how I'm adjusting my investment strategy.","Reddit","Economy","wise_expert_7732","2025-08-04 18:02:09","en",226,99,452,32840,0.188,"https://reddit.com/r/stocks/comments/7277344687"
"reddit_finance_63","Just completed my first crypto trade. Here's what I learned and my strategy moving forward.","Reddit","Economy","wise_enthusiast_3550","2025-07-30 17:03:09","en",2522,34,279,47578,-0.293,"https://reddit.com/r/investing/comments/7964858342"
"reddit_finance_75","Discussion: crypto market analysis and predictions for Q1. What are your positions?","Reddit","Economy","crypto_expert_4461","2025-08-05 00:28:09","en",3072,41,223,13210,0.343,"https://reddit.com/r/stocks/comments/9647594350"
"reddit_finance_100","finance fundamentals check: is this a good entry point or wait for pullback?","Reddit","Economy","crypto_enthusiast_2598","2025-08-04 00:57:09","en",6156,29,894,81613,0.130,"https://reddit.com/r/stocks/comments/1525122589"
"reddit_finance_121","My experience with economy investing: lessons learned and portfolio performance.","Reddit","Economy","crypto_investor_2288","2025-07-30 13:18:09","en",17710,897,4341,515106,0.442,"https://reddit.com/r/investing/comments/2637766210"
"reddit_finance_120","crypto regulation update: what this means for investors and traders.","Reddit","Economy","finance_analyst_7038","2025-07-31 01:45:09","en",1024,109,124,6855,-0.092,"https://reddit.com/r/cryptocurrency/comments/4390855439"
"reddit_finance_25","crypto regulation update: what this means for investors and traders.","Reddit","Economy","finance_analyst_5280","2025-07-31 20:54:09","en",1204,34,399,12294,0.133,"https://reddit.com/r/finance/comments/6833852609"
"reddit_finance_26","New report on economy: key findings and market implications. Worth reading!","Reddit","Economy","smart_enthusiast_7364","2025-07-31 00:15:09","en",2606,82,63,43792,0.312,"https://reddit.com/r/wallstreetbets/comments/1552625215"
"reddit_finance_29","crypto fundamentals check: is this a good entry point or wait for pullback?","Reddit","Economy","market_analyst_2064","2025-08-03 08:20:09","en",4493,41,246,97470,0.274,"https://reddit.com/r/cryptocurrency/comments/3802533903"
"reddit_finance_115","New report on crypto: key findings and market implications. Worth reading!","Reddit","Economy","trading_analyst_9758","2025-07-31 03:41:09","en",3095,29,273,71959,0.024,"https://reddit.com/r/cryptocurrency/comments/5798780163"
"reddit_finance_10","finance regulation update: what this means for investors and traders.","Reddit","Economy","wise_investor_6731","2025-08-01 22:14:09","en",2144,53,282,21407,-0.021,"https://reddit.com/r/wallstreetbets/comments/8543730103"
"reddit_finance_119","economy regulation update: what this means for investors and traders.","Reddit","Economy","finance_enthusiast_2608","2025-08-03 02:26:09","en",3033,110,800,110249,0.559,"https://reddit.com/r/finance/comments/2647725101"
"reddit_finance_79","My experience with economy investing: lessons learned and portfolio performance.","Reddit","Economy","trading_expert_7394","2025-08-04 19:24:09","en",3865,51,46,50814,0.401,"https://reddit.com/r/stocks/comments/2553917030"
"reddit_finance_3","What's everyone's thoughts on finance? I've been following it for a while and the recent developments are interesting.","Reddit","Economy","finance_trader_1442","2025-08-02 03:12:09","en",2304,70,321,48660,-0.042,"https://reddit.com/r/finance/comments/6010078916"
"reddit_finance_14","finance regulation update: what this means for investors and traders.","Reddit","Economy","smart_expert_1912","2025-08-02 21:49:09","en",2379,88,40,50330,0.145,"https://reddit.com/r/stocks/comments/5338160633"
"reddit_finance_84","Just completed my first economy trade. Here's what I learned and my strategy moving forward.","Reddit","Economy","crypto_trader_1161","2025-08-05 01:35:09","en",8411,569,3679,288528,0.286,"https://reddit.com/r/finance/comments/9173641688"
"reddit_finance_111","Crypto rally: Solana price surge driving altcoin season. DeFi tokens surging.","Reddit","Economy","wise_trader_4814","2025-08-02 09:23:09","en",1037,37,64,65523,0.185,"https://reddit.com/r/stocks/comments/3885485720"
"reddit_finance_13","Discussion: economy market analysis and predictions for Q1. What are your positions?","Reddit","Economy","finance_analyst_2228","2025-07-31 10:53:09","en",670,80,226,6650,-0.177,"https://reddit.com/r/stocks/comments/9343094868"
"reddit_finance_82","Just completed my first crypto trade. Here's what I learned and my strategy moving forward.","Reddit","Economy","wise_analyst_8546","2025-08-01 14:30:09","en",1590,96,422,5284,0.359,"https://reddit.com/r/finance/comments/4405942186"
"reddit_finance_9","My experience with finance investing: lessons learned and portfolio performance.","Reddit","Economy","smart_trader_1225","2025-08-02 18:02:09","en",817,90,381,36450,0.094,"https://reddit.com/r/stocks/comments/4180680224"
"reddit_finance_0","What's everyone's thoughts on crypto? I've been following it for a while and the recent developments are interesting.","Reddit","Economy","crypto_investor_7736","2025-08-04 00:34:09","en",1255,26,351,4964,-0.294,"https://reddit.com/r/cryptocurrency/comments/4116301310"
"reddit_finance_92","Discussion: crypto market analysis and predictions for Q1. What are your positions?","Reddit","Economy","trading_investor_9418","2025-08-03 18:41:09","en",3536,120,450,27112,0.314,"https://reddit.com/r/investing/comments/6297725221"
"reddit_finance_73","Can someone explain the recent finance movements? Looking for technical analysis.","Reddit","Economy","crypto_analyst_5461","2025-07-30 20:41:09","en",3558,114,556,107224,0.460,"https://reddit.com/r/cryptocurrency/comments/9092147980"
"reddit_finance_36","New report on economy: key findings and market implications. Worth reading!","Reddit","Economy","trading_enthusiast_6298","2025-08-04 11:34:09","en",2065,123,369,108295,0.424,"https://reddit.com/r/finance/comments/2163562384"
"reddit_finance_20","crypto market volatility: how I'm adjusting my investment strategy.","Reddit","Economy","market_expert_3971","2025-08-01 19:18:09","en",1146,34,402,13986,-0.068,"https://reddit.com/r/finance/comments/8455764426"
"reddit_finance_44","Can someone explain the recent crypto movements? Looking for technical analysis.","Reddit","Economy","crypto_analyst_3831","2025-08-02 09:57:09","en",1967,48,22,54541,-0.213,"https://reddit.com/r/wallstreetbets/comments/7716789383"
"reddit_finance_47","Economic indicators for crypto: what should we watch for in the coming weeks?","Reddit","Economy","trading_enthusiast_8931","2025-08-03 03:01:09","en",2028,133,64,117258,0.057,"https://reddit.com/r/stocks/comments/3547046689"
"reddit_finance_12","Discussion: finance market analysis and predictions for Q1. What are your positions?","Reddit","Economy","trading_expert_6964","2025-07-31 19:16:09","en",808,47,390,35903,-0.124,"https://reddit.com/r/cryptocurrency/comments/9751723432"
"reddit_finance_110","Discussion: economy market analysis and predictions for Q1. What are your positions?","Reddit","Economy","smart_analyst_8942","2025-08-03 06:29:09","en",1609,19,74,45567,-0.229,"https://reddit.com/r/wallstreetbets/comments/1550954838"
"reddit_finance_109","New report on finance: key findings and market implications. Worth reading!","Reddit","Economy","crypto_trader_4808","2025-08-04 18:54:09","en",730,76,97,44389,0.193,"https://reddit.com/r/investing/comments/2502346047"
"reddit_finance_105","finance sector deep dive: fundamentals vs technical analysis. Which approach do you prefer?","Reddit","Economy","wise_expert_5684","2025-08-03 03:20:09","en",1376,39,178,18353,0.223,"https://reddit.com/r/cryptocurrency/comments/1234060084"
"reddit_finance_66","BREAKING: finance just announced finance. How will this affect the market?","Reddit","Economy","wise_expert_6958","2025-08-01 23:11:09","en",2788,79,221,70284,0.362,"https://reddit.com/r/wallstreetbets/comments/2161220112"
"reddit_finance_77","BREAKING: crypto just announced crypto. How will this affect the market?","Reddit","Economy","finance_expert_5680","2025-08-01 06:36:09","en",7314,203,1460,265234,0.308,"https://reddit.com/r/stocks/comments/7846434448"
"reddit_finance_28","Can someone explain the recent finance movements? Looking for technical analysis.","Reddit","Economy","crypto_trader_1701","2025-08-01 05:31:09","en",4630,205,484,77530,0.500,"https://reddit.com/r/investing/comments/9109963379"
"reddit_finance_103","Economic indicators for crypto: what should we watch for in the coming weeks?","Reddit","Economy","trading_trader_9474","2025-08-01 22:39:09","en",195,113,140,97052,0.499,"https://reddit.com/r/stocks/comments/5959789353"
"reddit_finance_17","Just completed my first finance trade. Here's what I learned and my strategy moving forward.","Reddit","Economy","finance_investor_2508","2025-08-05 00:51:09","en",3547,92,42,101578,-0.026,"https://reddit.com/r/finance/comments/1535203306"
"reddit_finance_30","finance market volatility: how I'm adjusting my investment strategy.","Reddit","Economy","trading_expert_2140","2025-08-03 07:46:09","en",540,39,394,68346,0.191,"https://reddit.com/r/stocks/comments/9189764237"
"reddit_finance_7","Just completed my first economy trade. Here's what I learned and my strategy moving forward.","Reddit","Economy","wise_analyst_9401","2025-08-04 13:51:09","en",1032,119,1027,22081,0.512,"https://reddit.com/r/stocks/comments/5272124593"
"reddit_finance_40","New report on crypto: key findings and market implications. Worth reading!","Reddit","Economy","wise_trader_9240","2025-08-02 22:49:09","en",2369,100,226,15441,-0.074,"https://reddit.com/r/investing/comments/9003634403"
"reddit_finance_33","My experience with finance investing: lessons learned and portfolio performance.","Reddit","Economy","crypto_analyst_6692","2025-07-31 13:00:09","en",15357,562,1335,363155,-0.282,"https://reddit.com/r/wallstreetbets/comments/5361311778"
"reddit_finance_96","BREAKING: crypto just announced crypto. How will this affect the market?","Reddit","Economy","trading_analyst_9178","2025-08-04 15:08:09","en",3293,66,551,11114,0.430,"https://reddit.com/r/wallstreetbets/comments/6785354915"
"reddit_finance_108","crypto sector deep dive: fundamentals vs technical analysis. Which approach do you prefer?","Reddit","Economy","trading_expert_8585","2025-08-03 18:48:09","por",1883,47,329,80040,-0.060,"https://reddit.com/r/stocks/comments/2821083554"
"reddit_finance_76","Just completed my first finance trade. Here's what I learned and my strategy moving forward.","Reddit","Economy","market_analyst_4160","2025-08-04 00:36:09","en",6051,133,652,115845,0.279,"https://reddit.com/r/investing/comments/5506104187"
"reddit_finance_4","New report on crypto: key findings and market implications. Worth reading!","Reddit","Economy","finance_enthusiast_5709","2025-08-03 08:51:09","en",10558,155,650,257742,0.207,"https://reddit.com/r/cryptocurrency/comments/9082491297"
"reddit_finance_72","finance market volatility: how I'm adjusting my investment strategy.","Reddit","Economy","trading_trader_2458","2025-07-31 21:07:09","en",2677,6,428,92214,-0.167,"https://reddit.com/r/wallstreetbets/comments/3724314460"
"reddit_finance_97","economy regulation update: what this means for investors and traders.","Reddit","Economy","market_enthusiast_2808","2025-08-05 05:45:09","en",1353,61,97,49231,0.356,"https://reddit.com/r/stocks/comments/2449205574"
"reddit_finance_91","economy regulation update: what this means for investors and traders.","Reddit","Economy","wise_expert_1397","2025-07-31 18:06:09","en",1562,58,49,71628,0.753,"https://reddit.com/r/stocks/comments/2373625434"
"reddit_finance_31","What's everyone's thoughts on crypto? I've been following it for a while and the recent developments are interesting.","Reddit","Economy","finance_expert_3686","2025-08-04 09:20:09","en",2117,17,88,64535,-0.194,"https://reddit.com/r/wallstreetbets/comments/5216232867"
"reddit_finance_18","Solana price surge momentum: institutional adoption accelerating. Traditional finance taking notice.","Reddit","Economy","trading_expert_1189","2025-08-02 09:22:09","en",3019,123,454,49859,0.131,"https://reddit.com/r/wallstreetbets/comments/7913395071"
"reddit_finance_21","New report on crypto: key findings and market implications. Worth reading!","Reddit","Economy","finance_trader_8708","2025-07-31 14:14:09","en",1233,12,50,109828,0.404,"https://reddit.com/r/cryptocurrency/comments/4123411530"
"reddit_finance_39","crypto market volatility: how I'm adjusting my investment strategy.","Reddit","Economy","smart_expert_2053","2025-08-01 07:17:09","en",622,122,231,52365,0.446,"https://reddit.com/r/wallstreetbets/comments/8988075437"
"reddit_finance_51","What's everyone's thoughts on crypto? I've been following it for a while and the recent developments are interesting.","Reddit","Economy","finance_enthusiast_7709","2025-08-05 01:50:09","en",2157,34,1398,127723,0.338,"https://reddit.com/r/cryptocurrency/comments/4745812567"
"reddit_finance_32","Discussion: crypto market analysis and predictions for Q1. What are your positions?","Reddit","Economy","market_enthusiast_8790","2025-08-04 06:57:09","en",977,69,361,35637,-0.275,"https://reddit.com/r/wallstreetbets/comments/9756826547"
"reddit_finance_114","My experience with economy investing: lessons learned and portfolio performance.","Reddit","Economy","wise_investor_8252","2025-08-03 09:50:09","en",865,180,170,167573,-0.300,"https://reddit.com/r/cryptocurrency/comments/5612135826"
"reddit_finance_27","Crypto rally: Solana price surge driving altcoin season. DeFi tokens surging.","Reddit","Economy","wise_investor_9501","2025-08-01 10:01:09","en",6153,75,863,52690,0.727,"https://reddit.com/r/investing/comments/9960876129"
"reddit_finance_95","BREAKING: finance just announced finance. How will this affect the market?","Reddit","Economy","market_analyst_6114","2025-08-03 07:13:09","en",2232,77,644,83860,0.457,"https://reddit.com/r/investing/comments/5585446258"
"reddit_finance_45","New report on crypto: key findings and market implications. Worth reading!","Reddit","Economy","wise_enthusiast_1954","2025-08-02 22:47:09","en",664,37,321,47692,0.434,"https://reddit.com/r/cryptocurrency/comments/1480550487"
"reddit_finance_85","My experience with crypto investing: lessons learned and portfolio performance.","Reddit","Economy","finance_enthusiast_3485","2025-08-04 18:33:09","en",2649,39,420,6491,-0.036,"https://reddit.com/r/stocks/comments/6659230020"
"reddit_finance_2","My experience with economy investing: lessons learned and portfolio performance.","Reddit","Economy","market_expert_3831","2025-08-02 21:19:09","en",1595,54,187,17849,-0.267,"https://reddit.com/r/cryptocurrency/comments/6452536659"
"reddit_finance_56","What's everyone's thoughts on crypto? I've been following it for a while and the recent developments are interesting.","Reddit","Economy","trading_trader_3149","2025-08-01 19:58:09","en",946,96,780,47653,-0.131,"https://reddit.com/r/stocks/comments/5419344845"
"reddit_finance_58","What's everyone's thoughts on economy? I've been following it for a while and the recent developments are interesting.","Reddit","Economy","crypto_trader_8933","2025-08-04 21:40:09","en",3329,76,211,156470,0.186,"https://reddit.com/r/wallstreetbets/comments/6861602039"
"twitter_finance_10","Oil prices hit $80 per barrel. Canada production cuts. Energy sector implications? #finance #trading","Twitter","Economy","fintech_news_422","2025-07-27 22:13:04","fra",589,48,34,14159,-0.118,"https://twitter.com/user_151282266/status/4292731511271732006"
"twitter_finance_51","UK central bank announces QE policy. Currency impact: 4% vs USD. Trade implications? #crypto #investing #finance","Twitter","Economy","analyst_expert_844","2025-07-27 14:02:04","en",973,69,27,19424,0.560,"https://twitter.com/user_814345083/status/4735902663796406138"
"twitter_finance_18","Microsoft announces major AI partnership with NVIDIA. Stock up 4% in pre-market. Tech sector rally continues. #fintech #crypto #finance","Twitter","Economy","crypto_guru_792","2025-07-28 06:23:04","en",1256,668,183,31900,0.635,"https://twitter.com/user_436021984/status/5146445178990998735"
"twitter_finance_9","EU central bank announces rate hike policy. Currency impact: -2% vs USD. Trade implications? #markets #finance #crypto","Twitter","Economy","investor_expert_647","2025-07-27 23:30:04","en",1358,86,92,23370,0.583,"https://twitter.com/user_472223153/status/5743000717542372457"
"twitter_finance_34","Apple announces major AI partnership with Microsoft. Stock up 12% in pre-market. Tech sector rally continues. #markets #finance #stocks #investing","Twitter","Economy","fintech_news_197","2025-07-27 03:21:04","en",1193,186,110,4130,0.217,"https://twitter.com/user_237745876/status/3513381627324430168"
"twitter_finance_17","GDP Q4 growth: crypto% annualized. crypto sector strongest performer. Recession fears easing. #stocks #wallstreet","Twitter","Economy","fintech_guru_457","2025-07-25 14:53:04","en",766,135,88,14214,-0.290,"https://twitter.com/user_264608105/status/2264091713262326715"
"twitter_finance_13","Crypto market update: Solana price surge leading the charge. Risk-on sentiment in digital assets.","Twitter","Economy","market_expert_270","2025-07-22 09:29:04","en",917,149,19,4404,0.433,"https://twitter.com/user_662460469/status/4091757591416089222"
"twitter_finance_66","New finance regulation in finance. Impact on finance market? Institutional flows continue. #fintech #economy #finance #wallstreet","Twitter","Economy","market_news_866","2025-07-16 11:56:04","en",1045,168,49,22447,0.487,"https://twitter.com/user_386228278/status/9148764240145282651"
"twitter_finance_33","Oil prices hit $117 per barrel. EU production cuts. Energy sector implications? #crypto #wallstreet #investing","Twitter","Economy","analyst_pro_591","2025-07-30 04:26:04","en",388,43,40,3217,0.184,"https://twitter.com/user_101512652/status/4095953535657438696"
"twitter_finance_67","crypto launches new crypto product. Early reviews positive. Market share implications? #finance #fintech #trading #markets","Twitter","Economy","trader_pro_592","2025-07-22 00:10:04","en",1210,130,97,10625,0.207,"https://twitter.com/user_525874302/status/8798284638445532213"
"twitter_finance_8","economy launches new economy product. Early reviews positive. Market share implications? #investing #fintech #stocks","Twitter","Economy","analyst_pro_233","2025-07-21 22:01:04","en",6276,1143,549,113224,-0.087,"https://twitter.com/user_717506293/status/9937261189731870884"
"twitter_finance_65","Solana price surge momentum: institutional adoption accelerating. Traditional finance taking notice.","Twitter","Economy","trader_guru_396","2025-07-25 21:50:04","en",1026,192,92,16443,0.184,"https://twitter.com/user_462228569/status/6133773265129418684"
"twitter_finance_48","NVIDIA announces major AI partnership with Amazon. Stock up 14% in pre-market. Tech sector rally continues. #finance #economy #crypto","Twitter","Economy","market_news_630","2025-07-25 21:02:04","en",806,106,36,8489,0.318,"https://twitter.com/user_561212585/status/6647199652686596720"
"twitter_finance_59","S&P 500 up crypto% today. crypto sector leading gains. VIX down to crypto. Risk-on sentiment. #markets #stocks","Twitter","Economy","trader_pro_580","2025-07-28 02:41:04","en",420,170,73,8165,0.763,"https://twitter.com/user_963020549/status/1743564818414366079"
"twitter_finance_95","BREAKING: Tesla stock surges 8% after earnings beat! Q4 revenue up 47% YoY. Analysts upgrading price targets. #fintech #wallstreet #trading #economy","Twitter","Economy","trader_news_489","2025-07-13 22:24:05","en",973,243,71,20608,0.537,"https://twitter.com/user_108025474/status/6905813839953411978"
"twitter_finance_96","Portfolio update: crypto% in growth, crypto% in value, crypto% in bonds. Rebalancing needed? #economy #crypto","Twitter","Economy","investor_news_342","2025-07-23 12:38:05","nld",653,240,110,21235,0.654,"https://twitter.com/user_746206529/status/1201225360486444479"
"twitter_finance_39","Crypto rally: Solana price surge driving altcoin season. DeFi tokens surging.","Twitter","Economy","investor_pro_487","2025-07-26 14:17:04","en",1400,83,114,19004,0.713,"https://twitter.com/user_113966710/status/5216748050315799491"
"twitter_finance_14","GDP Q4 growth: finance% annualized. finance sector strongest performer. Recession fears easing. #finance #wallstreet #finance #trading","Twitter","Economy","fintech_insights_958","2025-07-25 02:22:04","en",146,171,50,24472,0.420,"https://twitter.com/user_530908892/status/9626113014934012163"
"reddit_finance_23","economy sector deep dive: fundamentals vs technical analysis. Which approach do you prefer?","Reddit","Technology","market_expert_4914","2025-08-05 18:01:09","en",2272,131,265,12996,0.623,"https://reddit.com/r/finance/comments/4134808678"
"reddit_finance_37","Crypto rally: Solana price surge driving altcoin season. DeFi tokens surging.","Reddit","Economy","finance_enthusiast_7316","2025-07-25 08:34:09","en",1733,85,1098,171963,0.520,"https://reddit.com/r/cryptocurrency/comments/7273339508"
"reddit_finance_15","Economic indicators for finance: what should we watch for in the coming weeks?","Reddit","Economy","smart_enthusiast_7411","2025-07-29 07:08:09","en",1031,35,76,59986,-0.080,"https://reddit.com/r/cryptocurrency/comments/6663375693"
"reddit_finance_124","Discussion: finance market analysis and predictions for Q1. What are your positions?","Reddit","Economy","finance_enthusiast_5649","2025-07-24 08:48:09","en",612,26,58,59554,0.141,"https://reddit.com/r/finance/comments/2139293149"
"reddit_finance_69","Crypto market update: Solana price surge leading the charge. Risk-on sentiment in digital assets.","Reddit","Economy","wise_investor_3554","2025-07-28 22:19:09","en",5091,105,566,27635,0.829,"https://reddit.com/r/cryptocurrency/comments/2774287921"
"reddit_finance_61","Economic indicators for economy: what should we watch for in the coming weeks?","Reddit","Economy","crypto_expert_2376","2025-07-29 00:32:09","en",1188,104,659,89410,0.159,"https://reddit.com/r/finance/comments/7668720885"
"reddit_finance_22","BREAKING: economy just announced economy. How will this affect the market?","Reddit","Economy","trading_expert_9497","2025-07-24 15:10:09","en",826,48,271,9925,0.124,"https://reddit.com/r/investing/comments/9435112000"
"reddit_finance_11","Discussion: finance market analysis and predictions for Q1. What are your positions?","Reddit","Economy","smart_analyst_1041","2025-07-28 14:58:09","en",3717,150,654,24742,0.461,"https://reddit.com/r/wallstreetbets/comments/2440244097"
"reddit_finance_34","New report on economy: key findings and market implications. Worth reading!","Reddit","Economy","market_expert_7586","2025-07-16 00:49:09","en",2419,88,174,126458,-0.014,"https://reddit.com/r/cryptocurrency/comments/3310290326"
"reddit_finance_46","Economic indicators for finance: what should we watch for in the coming weeks?","Reddit","Economy","trading_investor_5982","2025-07-26 04:27:09","en",3227,88,230,63490,0.015,"https://reddit.com/r/cryptocurrency/comments/4819287942"
"reddit_finance_65","Just completed my first economy trade. Here's what I learned and my strategy moving forward.","Reddit","Economy","crypto_enthusiast_7425","2025-07-25 14:40:09","en",693,135,647,46585,0.168,"https://reddit.com/r/investing/comments/3576946906"
"reddit_finance_88","Can someone explain the recent crypto movements? Looking for technical analysis.","Reddit","Economy","finance_investor_7685","2025-07-23 14:20:09","en",239,57,168,43058,0.184,"https://reddit.com/r/cryptocurrency/comments/7715150380"
"reddit_finance_50","economy regulation update: what this means for investors and traders.","Reddit","Economy","crypto_trader_1003","2025-07-28 21:04:09","en",790,9,103,95835,0.419,"https://reddit.com/r/wallstreetbets/comments/4955928630"
"reddit_finance_122","BREAKING: economy just announced economy. How will this affect the market?","Reddit","Economy","smart_trader_5192","2025-07-29 07:29:09","en",2905,44,369,45279,0.610,"https://reddit.com/r/wallstreetbets/comments/9412298572"
"reddit_finance_42","New report on crypto: key findings and market implications. Worth reading!","Reddit","Economy","smart_investor_3391","2025-07-30 00:48:09","en",615,29,150,53248,-0.140,"https://reddit.com/r/stocks/comments/7753448849"
"reddit_finance_6","Just completed my first finance trade. Here's what I learned and my strategy moving forward.","Reddit","Economy","market_enthusiast_4896","2025-07-26 10:09:09","en",1828,42,54,17537,-0.092,"https://reddit.com/r/finance/comments/7742571079"
"reddit_finance_94","Solana price surge momentum: institutional adoption accelerating. Traditional finance taking notice.","Reddit","Economy","trading_expert_9253","2025-07-28 10:23:09","en",1745,80,633,138919,0.772,"https://reddit.com/r/wallstreetbets/comments/2144287300"
"reddit_finance_8","What's everyone's thoughts on economy? I've been following it for a while and the recent developments are interesting.","Reddit","Economy","finance_analyst_9903","2025-07-25 11:41:09","en",147,7,166,81793,0.173,"https://reddit.com/r/investing/comments/5508105033"
"reddit_finance_38","BREAKING: finance just announced finance. How will this affect the market?","Reddit","Economy","crypto_enthusiast_8854","2025-07-30 05:37:09","en",2709,64,179,12732,0.111,"https://reddit.com/r/stocks/comments/2591711139"
"reddit_finance_89","crypto regulation update: what this means for investors and traders.","Reddit","Economy","market_investor_6898","2025-07-23 17:00:09","en",1560,23,495,11763,0.493,"https://reddit.com/r/wallstreetbets/comments/7625604474"
"reddit_finance_59","finance regulation update: what this means for investors and traders.","Reddit","Economy","crypto_trader_1559","2025-07-25 21:05:09","en",2895,8,458,58109,-0.068,"https://reddit.com/r/wallstreetbets/comments/2869021509"
"reddit_finance_71","Economic indicators for crypto: what should we watch for in the coming weeks?","Reddit","Economy","wise_investor_7608","2025-07-20 19:54:09","en",2276,164,657,31083,0.529,"https://reddit.com/r/investing/comments/8625031460"
"reddit_finance_35","My experience with economy investing: lessons learned and portfolio performance.","Reddit","Economy","wise_enthusiast_5109","2025-07-30 02:14:09","en",3699,91,374,38132,0.176,"https://reddit.com/r/cryptocurrency/comments/3829683532"
"reddit_finance_125","BREAKING: finance just announced finance. How will this affect the market?","Reddit","Economy","finance_investor_7795","2025-07-29 02:14:09","en",2957,106,320,30572,0.717,"https://reddit.com/r/wallstreetbets/comments/5551903195"
